[
  { "symbol": "RELIANCE", "name": "Reliance Industries Limited", "exchange": "NSE" },
  { "symbol": "TCS", "name": "Tata Consultancy Services Limited", "exchange": "NSE" },
  { "symbol": "HDFCBANK", "name": "HDFC Bank Limited", "exchange": "NSE" },
  { "symbol": "ICICIBANK", "name": "ICICI Bank Limited", "exchange": "NSE" },
  { "symbol": "BHARTIARTL", "name": "Bharti Airtel Limited", "exchange": "NSE" },
  { "symbol": "INFY", "name": "Infosys Limited", "exchange": "NSE" },
  { "symbol": "LIC", "name": "Life Insurance Corporation of India", "exchange": "NSE" },
  { "symbol": "SBIN", "name": "State Bank of India", "exchange": "NSE" },
  { "symbol": "ITC", "name": "ITC Limited", "exchange": "NSE" },
  { "symbol": "HINDUNILVR", "name": "Hindustan Unilever Limited", "exchange": "NSE" },
  { "symbol": "LT", "name": "Larsen & Toubro Limited", "exchange": "NSE" },
  { "symbol": "KOTAKBANK", "name": "Kotak Mahindra Bank Limited", "exchange": "NSE" },
  { "symbol": "BAJFINANCE", "name": "Bajaj Finance Limited", "exchange": "NSE" },
  { "symbol": "HCLTECH", "name": "HCL Technologies Limited", "exchange": "NSE" },
  { "symbol": "MARUTI", "name": "Maruti Suzuki India Limited", "exchange": "NSE" },
  { "symbol": "AXISBANK", "name": "Axis Bank Limited", "exchange": "NSE" },
  { "symbol": "NTPC", "name": "NTPC Limited", "exchange": "NSE" },
  { "symbol": "ASIANPAINT", "name": "Asian Paints Limited", "exchange": "NSE" },
  { "symbol": "POWERGRID", "name": "Power Grid Corporation of India Limited", "exchange": "NSE" },
  { "symbol": "TITAN", "name": "Titan Company Limited", "exchange": "NSE" },
  { "symbol": "ULTRATECH", "name": "UltraTech Cement Limited", "exchange": "NSE" },
  { "symbol": "SUNPHARMA", "name": "Sun Pharmaceutical Industries Limited", "exchange": "NSE" },
  { "symbol": "NESTLEIND", "name": "Nestlé India Limited", "exchange": "NSE" },
  { "symbol": "JSWSTEEL", "name": "JSW Steel Limited", "exchange": "NSE" },
  { "symbol": "WIPRO", "name": "Wipro Limited", "exchange": "NSE" },
  { "symbol": "M&M", "name": "Mahindra & Mahindra Limited", "exchange": "NSE" },
  { "symbol": "BAJAJFINSV", "name": "Bajaj Finserv Limited", "exchange": "NSE" },
  { "symbol": "COALINDIA", "name": "Coal India Limited", "exchange": "NSE" },
  { "symbol": "ADANIENT", "name": "Adani Enterprises Limited", "exchange": "NSE" },
  { "symbol": "ADANIGREEN", "name": "Adani Green Energy Limited", "exchange": "NSE" },
  { "symbol": "ADANIPORTS", "name": "Adani Ports and Special Economic Zone Limited", "exchange": "NSE" },
  { "symbol": "TATAMOTORS", "name": "Tata Motors Limited", "exchange": "NSE" },
  { "symbol": "TATASTEEL", "name": "Tata Steel Limited", "exchange": "NSE" },
  { "symbol": "GRASIM", "name": "Grasim Industries Limited", "exchange": "NSE" },
  { "symbol": "TECHM", "name": "Tech Mahindra Limited", "exchange": "NSE" },
  { "symbol": "SBILIFE", "name": "SBI Life Insurance Company Limited", "exchange": "NSE" },
  { "symbol": "HDFCLIFE", "name": "HDFC Life Insurance Company Limited", "exchange": "NSE" },
  { "symbol": "CIPLA", "name": "Cipla Limited", "exchange": "NSE" },
  { "symbol": "DRREDDY", "name": "Dr. Reddy's Laboratories Limited", "exchange": "NSE" },
  { "symbol": "BRITANNIA", "name": "Britannia Industries Limited", "exchange": "NSE" },
  { "symbol": "HEROMOTOCO", "name": "Hero MotoCorp Limited", "exchange": "NSE" },
  { "symbol": "HINDALCO", "name": "Hindalco Industries Limited", "exchange": "NSE" },
  { "symbol": "DIVISLAB", "name": "Divi's Laboratories Limited", "exchange": "NSE" },
  { "symbol": "INDUSINDBK", "name": "IndusInd Bank Limited", "exchange": "NSE" },
  { "symbol": "EICHERMOT", "name": "Eicher Motors Limited", "exchange": "NSE" },
  { "symbol": "SHREECEM", "name": "Shree Cement Limited", "exchange": "NSE" },
  { "symbol": "APOLLOHOSP", "name": "Apollo Hospitals Enterprise Limited", "exchange": "NSE" },
  { "symbol": "ICICIPRULI", "name": "ICICI Prudential Life Insurance Company Limited", "exchange": "NSE" },
  { "symbol": "ONGC", "name": "Oil and Natural Gas Corporation Limited", "exchange": "NSE" },
  { "symbol": "JINDALSTEL", "name": "Jindal Steel & Power Limited", "exchange": "NSE" },
  { "symbol": "TATAPOWER", "name": "Tata Power Company Limited", "exchange": "NSE" },
  { "symbol": "ZOMATO", "name": "Zomato Limited", "exchange": "NSE" },
  { "symbol": "SBICARD", "name": "SBI Cards and Payments Services Limited", "exchange": "NSE" },
  { "symbol": "LODHA", "name": "Macrotech Developers Limited", "exchange": "NSE" },
  { "symbol": "DLF", "name": "DLF Limited", "exchange": "NSE" },
  { "symbol": "GODREJCP", "name": "Godrej Consumer Products Limited", "exchange": "NSE" },
  { "symbol": "ABCAPITAL", "name": "Aditya Birla Capital Limited", "exchange": "NSE" },
  { "symbol": "TORNTPHARMA", "name": "Torrent Pharmaceuticals Limited", "exchange": "NSE" },
  { "symbol": "BIOCON", "name": "Biocon Limited", "exchange": "NSE" },
  { "symbol": "DABUR", "name": "Dabur India Limited", "exchange": "NSE" },
  { "symbol": "BERGEPAINT", "name": "Berger Paints India Limited", "exchange": "NSE" },
  { "symbol": "TVSMOTOR", "name": "TVS Motor Company Limited", "exchange": "NSE" },
  { "symbol": "PIDILITIND", "name": "Pidilite Industries Limited", "exchange": "NSE" },
  { "symbol": "UNITEDSPIRIT", "name": "United Spirits Limited", "exchange": "NSE" },
  { "symbol": "UNITEDBREWERIES", "name": "United Breweries Limited", "exchange": "NSE" },
  { "symbol": "IDEA", "name": "Vodafone Idea Limited", "exchange": "NSE" },
  { "symbol": "GAIL", "name": "GAIL (India) Limited", "exchange": "NSE" },
  { "symbol": "IRCTC", "name": "Indian Railway Catering and Tourism Corporation Limited", "exchange": "NSE" },
  { "symbol": "LTIM", "name": "LTIMindtree Limited", "exchange": "NSE" },
  { "symbol": "MPHASIS", "name": "Mphasis Limited", "exchange": "NSE" },
  { "symbol": "BEL", "name": "Bharat Electronics Limited", "exchange": "NSE" },
  { "symbol": "HAL", "name": "Hindustan Aeronautics Limited", "exchange": "NSE" },
  { "symbol": "CANBANK", "name": "Canara Bank Limited", "exchange": "NSE" },
  { "symbol": "BANKBARODA", "name": "Bank of Baroda Limited", "exchange": "NSE" },
  { "symbol": "PNB", "name": "Punjab National Bank Limited", "exchange": "NSE" },
  { "symbol": "RECLTD", "name": "REC Limited", "exchange": "NSE" },
  { "symbol": "PFC", "name": "Power Finance Corporation Limited", "exchange": "NSE" },
  { "symbol": "ADANITRANS", "name": "Adani Total Gas Limited", "exchange": "NSE" },
  { "symbol": "ADANIPOWER", "name": "Adani Wilmar Limited", "exchange": "NSE" },
  { "symbol": "TATACHEM", "name": "Tata Chemicals Limited", "exchange": "NSE" },
  { "symbol": "TATACONSUM", "name": "Tata Consumer Products Limited", "exchange": "NSE" },
  { "symbol": "HAVELLS", "name": "Havells India Limited", "exchange": "NSE" },
  { "symbol": "BAJAJAUTO", "name": "Bajaj Auto Limited", "exchange": "NSE" },
  { "symbol": "COLPAL", "name": "Colgate-Palmolive (India) Limited", "exchange": "NSE" },
  { "symbol": "GLENBIOTECH", "name": "Glenmark Pharmaceuticals Limited", "exchange": "NSE" },
  { "symbol": "NAUKRI", "name": "Info Edge (India) Limited", "exchange": "NSE" },
  { "symbol": "ICICIBANK", "name": "ICICI Lombard General Insurance Company Limited", "exchange": "NSE" },
  { "symbol": "JUBLFOOD", "name": "Jubilant FoodWorks Limited", "exchange": "NSE" },
  { "symbol": "LTTS", "name": "L&T Technology Services Limited", "exchange": "NSE" },
  { "symbol": "PAGEIND", "name": "Page Industries Limited", "exchange": "NSE" },
  { "symbol": "BPCL", "name": "Bharat Petroleum Corporation Limited", "exchange": "NSE" },
  { "symbol": "HPCL", "name": "Hindustan Petroleum Corporation Limited", "exchange": "NSE" },
  { "symbol": "UPL", "name": "UPL Limited", "exchange": "NSE" },
  { "symbol": "SRF", "name": "SRF Limited", "exchange": "NSE" },
  { "symbol": "SIEMENS", "name": "Siemens Limited", "exchange": "NSE" },
  { "symbol": "ABB", "name": "ABB India Limited", "exchange": "NSE" },
  { "symbol": "NMDC", "name": "NMDC Limited", "exchange": "NSE" },
  { "symbol": "TATAELXSI", "name": "Tata Elxsi Limited", "exchange": "NSE" },
  { "symbol": "AMBUJACEM", "name": "Ambuja Cements Limited", "exchange": "NSE" },
  { "symbol": "PIRAMAL", "name": "Piramal Enterprises Limited", "exchange": "NSE" },
  { "symbol": "MRF", "name": "MRF Limited", "exchange": "NSE" },
  { "symbol": "ABFRL", "name": "Aditya Birla Fashion and Retail Limited", "exchange": "NSE" },
  { "symbol": "BIRLAMONEY", "name": "Aditya Birla Money Limited", "exchange": "NSE" },
  { "symbol": "ABSLAMC", "name": "Aditya Birla Sun Life AMC Limited", "exchange": "NSE" }
]
